Offered,Transfer,Claimed,Withdrawn,Offer,price_in_dollars,Year,Month,Punk_ID
0,0,0,1,0,"$68,985",2021,Apr,8
0,0,0,0,0,"$62,427",2021,Apr,8
0,0,0,1,0,"$41,618",2021,Apr,8
0,0,0,0,0,"$40,949",2021,Apr,8
0,0,0,0,0,"$3,618",2021,Mar,8
0,0,0,1,0,$945,2020,Aug,8
0,0,0,0,0,$918,2020,Aug,8
0,0,0,1,0,$409,2020,May,8
0,0,0,0,0,$422,2020,May,8
0,0,0,1,0,$804,2020,Jan,8
0,0,0,0,0,$808,2020,Jan,8
0,0,0,1,0,$31,2017,Oct,8
0,0,0,0,0,$38,2017,Aug,8
0,0,0,1,0,$238,2017,Jul,8
0,0,0,0,0,$246,2017,Jul,8
0,0,0,0,0,$118,2017,Jul,8
0,0,0,0,0,$15,2017,Jun,8
0,0,1,0,0,,2017,,8
0,0,0,1,0,"$21,519",2021,Apr,55
0,0,0,0,0,"$12,883",2021,Mar,55
0,0,0,1,0,"$6,442",2021,Mar,55
0,0,0,0,0,"$5,267",2021,Feb,55
0,0,1,0,0,,2017,,55
0,0,0,1,0,$202,2021,Jun,101
0,0,0,0,0,$71,2017,Dec,101
0,0,1,0,0,,2017,,101
0,0,0,0,0,"$5,926",2021,Jun,112
0,0,0,0,0,"$9,462",2021,May,112
0,0,0,0,0,"$4,733",2021,Apr,112
0,0,0,0,0,"$3,029",2021,Apr,112
0,0,0,0,0,"$1,888",2021,Apr,112
0,0,0,0,0,"$1,240",2021,Mar,112
0,0,0,1,0,"$1,063",2021,Mar,112
0,0,0,0,0,"$1,076",2021,Mar,112
0,0,0,0,0,$733,2021,Mar,112
0,0,0,0,0,$16,2021,Mar,112
0,0,0,1,0,$29,2019,Nov,112
0,0,0,0,0,$27,2019,Nov,112
0,0,0,0,0,$9,2019,Jan,112
0,0,0,0,0,$13,2017,Jun,112
0,0,1,0,0,,2017,,112
0,0,0,1,0,"$103,054",2021,Jun,116
0,1,0,0,0,,2021,,116
0,0,0,1,1,,2021,,116
0,0,0,0,0,"$159,540",2021,May,116
1,0,0,0,1,"$398,850",2021,May,116
0,0,0,1,0,"$16,718",2021,Apr,116
0,0,0,0,0,"$14,684",2021,Mar,116
0,0,0,0,0,$<0.01,2021,Mar,116
0,0,0,0,0,$<0.01,2020,Dec,116
0,0,0,1,0,"$1,035",2020,Oct,116
0,0,0,0,0,"$1,034",2020,Oct,116
0,0,0,0,0,$456,2017,Jul,116
1,0,0,0,1,$473,2017,Jul,116
1,0,0,0,1,$493,2017,Jul,116
0,0,0,1,1,,2017,,116
1,0,0,0,1,$616,2017,Jul,116
1,0,0,0,1,"$1,121",2017,Jul,116
1,0,0,0,1,$667,2017,Jul,116
1,0,0,0,1,$572,2017,Jul,116
0,0,0,0,0,$229,2017,Jul,116
1,0,0,0,1,$229,2017,Jul,116
0,0,0,1,0,$166,2017,Jul,116
0,0,0,0,0,$166,2017,Jul,116
0,0,0,1,0,$50,2017,Jul,116
0,0,0,0,0,$51,2017,Jun,116
0,0,1,0,0,,2017,,116
0,0,0,1,0,"$41,212",2021,Apr,269
0,0,0,0,0,"$39,886",2021,Apr,269
0,0,0,1,0,"$10,227",2021,Apr,269
0,0,0,0,0,"$10,370",2021,Apr,269
0,1,0,0,0,,2018,,269
0,0,0,0,0,$13,2017,Jun,269
0,0,1,0,0,,2017,,269
0,0,0,1,0,$230,2021,Apr,280
0,0,0,0,0,$232,2021,Apr,280
0,0,0,0,0,$1,2020,May,280
0,0,0,0,0,$188,2017,Dec,280
0,0,0,0,0,$244,2017,Jul,280
1,0,0,0,1,$260,2017,Jul,280
0,0,0,0,0,$66,2017,Jul,280
0,0,0,0,0,$53,2017,Jul,280
0,0,1,0,0,,2017,,280
0,0,0,1,0,$356,2021,Jun,310
0,0,0,0,0,$351,2021,Jun,310
0,1,0,0,0,,2021,,310
0,0,0,0,0,$27,2019,May,310
0,0,1,0,0,,2017,,310
0,0,0,1,0,"$1,024",2021,Apr,336
0,0,0,0,0,$990,2021,Apr,336
0,0,0,0,0,$14,2017,Jun,336
0,0,1,0,0,,2017,,336
0,0,0,1,0,"$1,074",2021,Apr,363
0,0,0,0,0,$990,2021,Apr,363
0,0,0,0,0,$13,2017,Jun,363
0,0,1,0,0,,2017,,363
0,0,0,0,0,"$86,499",2021,Jun,406
1,0,0,0,1,"$103,160",2021,Jun,406
1,0,0,0,1,"$135,214",2021,Jun,406
0,1,0,0,0,,2021,,406
1,0,0,0,1,"$150,723",2021,Jun,406
0,0,0,1,1,,2021,,406
1,0,0,0,1,"$211,595",2021,May,406
1,0,0,0,1,"$453,466",2021,May,406
1,0,0,0,1,"$368,956",2021,May,406
1,0,0,0,1,"$215,960",2021,Apr,406
0,0,0,0,0,"$163,775",2021,Apr,406
1,0,0,0,1,"$151,205",2021,Apr,406
1,0,0,0,1,"$157,743",2021,Apr,406
0,0,0,1,0,"$143,905",2021,Apr,406
0,0,0,0,0,"$143,424",2021,Apr,406
0,0,0,1,0,"$147,070",2021,Apr,406
0,0,0,0,0,"$147,070",2021,Apr,406
1,0,0,0,1,"$159,797",2021,Apr,406
0,0,0,0,0,"$136,469",2021,Apr,406
1,0,0,0,1,"$136,059",2021,Apr,406
0,0,0,0,0,$16,2017,Jun,406
0,0,1,0,0,,2017,,406
0,0,0,0,0,$14,2017,Jul,442
0,0,0,1,0,$16,2017,Jun,442
0,0,0,0,0,$13,2017,Jun,442
0,0,1,0,0,,2017,,442
0,0,0,1,0,$172,2021,Apr,516
0,0,0,0,0,$170,2021,Apr,516
0,0,0,0,0,$39,2021,Feb,516
0,0,0,0,0,$<0.01,2020,Dec,516
0,0,0,1,0,$253,2020,Jun,516
0,0,0,0,0,$206,2020,May,516
0,0,0,1,0,$124,2020,May,516
0,0,0,0,0,$128,2020,May,516
0,0,0,0,0,$115,2017,Jul,516
1,0,0,0,1,$130,2017,Jul,516
0,0,0,0,0,$69,2017,Jul,516
0,0,0,0,0,$14,2017,Jun,516
0,0,1,0,0,,2017,,516
0,0,0,0,0,"$71,472",2021,Apr,526
1,0,0,0,1,"$71,048",2021,Apr,526
0,0,0,1,0,"$49,151",2021,Apr,526
0,0,0,0,0,"$46,020",2021,Apr,526
1,0,0,0,1,"$82,555",2021,Apr,526
0,1,0,0,0,,2021,,526
1,0,0,0,1,"$50,060",2021,Mar,526
0,0,0,0,0,$68,2021,Mar,526
0,0,1,0,0,,2017,,526
0,0,0,1,0,"$13,903",2021,May,527
0,0,0,0,0,"$13,123",2021,May,527
0,0,0,0,0,$16,2017,Jun,527
0,0,1,0,0,,2017,,527
0,0,0,0,0,$83,2021,Jun,544
0,0,0,0,0,$66,2021,Apr,544
0,0,0,0,0,$40,2021,Mar,544
0,0,0,0,0,$32,2021,Mar,544
0,0,0,0,0,$11,2021,Mar,544
0,0,0,0,0,$9,2021,Mar,544
0,0,0,0,0,$3,2021,Mar,544
0,1,0,0,0,,2021,,544
0,0,0,0,0,"$1,994",2020,Sep,544
0,0,0,0,0,"$2,109",2020,Sep,544
0,0,0,1,0,"$1,151",2020,Sep,544
0,0,0,0,0,"$1,015",2020,Sep,544
0,0,0,0,0,$10,2020,Jun,544
0,0,0,1,0,$11,2018,Jun,544
0,0,0,0,0,$11,2018,Mar,544
0,1,0,0,0,,2017,,544
0,0,0,0,0,$3,2017,Jun,544
0,0,1,0,0,,2017,,544
0,0,0,1,0,$281,2021,May,636
0,0,0,0,0,$349,2021,May,636
0,0,0,0,0,$<0.01,2020,Dec,636
0,1,0,0,0,,2019,,636
0,0,1,0,0,,2017,,636
0,0,0,1,0,"$234,215",2021,May,686
0,0,0,0,0,"$223,414",2021,May,686
0,0,0,1,0,"$219,981",2021,May,686
0,0,0,0,0,"$219,981",2021,May,686
0,0,0,0,0,"$216,839",2021,May,686
0,0,0,0,0,"$201,126",2021,May,686
0,0,0,1,0,"$107,031",2021,Mar,686
0,0,0,0,0,"$105,803",2021,Mar,686
1,0,0,0,1,"$201,615",2021,Mar,686
0,0,0,0,0,,2021,,686
0,1,0,0,0,,2021,,686
0,0,0,0,0,"$85,792",2021,Feb,686
1,0,0,0,1,"$85,990",2021,Feb,686
0,0,0,1,0,$14,2017,Jun,686
0,0,0,0,0,$14,2017,Jun,686
0,0,1,0,0,,2017,,686
0,0,0,1,0,"$3,284",2021,May,690
0,0,0,0,0,"$3,316",2021,May,690
0,0,0,0,0,"$1,410",2021,Mar,690
0,1,0,0,0,,2021,,690
0,0,0,0,0,$321,2021,Mar,690
0,0,0,0,0,$242,2021,Mar,690
0,0,0,0,0,$189,2021,Feb,690
0,0,1,0,0,,2017,,690
0,0,0,1,0,$140,2021,Jun,711
0,0,0,0,0,$162,2021,Jun,711
0,1,0,0,0,,2021,,711
0,0,0,0,0,$16,2017,Jun,711
0,0,1,0,0,,2017,,711
0,0,0,1,0,$34,2021,May,712
0,0,0,0,0,$21,2021,Apr,712
0,0,0,0,0,$<0.01,2020,Dec,712
0,1,0,0,0,,2018,,712
0,0,1,0,0,,2017,,712
0,0,0,1,0,"$42,228",2021,Apr,722
0,0,0,0,0,"$37,045",2021,Mar,722
0,0,0,0,0,"$4,780",2021,Mar,722
0,0,0,0,0,$17,2021,Mar,722
0,0,0,0,0,$<0.01,2020,Dec,722
0,1,0,0,0,,2018,,722
0,0,1,0,0,,2017,,722
0,0,0,1,0,"$3,974",2021,Apr,1078
0,0,0,0,0,"$3,577",2021,Mar,1078
0,0,0,0,0,"$1,832",2021,Mar,1078
0,1,0,0,0,,2019,,1078
0,1,0,0,0,,2017,,1078
0,0,1,0,0,,2017,,1078
0,0,0,0,0,"$846,257",2021,Jul,1119
0,0,0,0,0,"$836,740",2021,Jul,1119
0,0,0,1,0,"$788,741",2021,Jul,1119
0,0,0,0,0,"$832,647",2021,Jul,1119
1,0,0,0,1,$1.11M,2021,Jun,1119
0,0,0,1,1,,2021,,1119
0,0,0,1,0,"$375,842",2021,Jun,1119
1,0,0,0,1,$1.13M,2021,Jun,1119
0,0,0,0,0,"$379,203",2021,Jun,1119
1,0,0,0,1,$1.21M,2021,Jun,1119
1,0,0,0,1,$1.08M,2021,Jun,1119
1,0,0,0,1,$1.65M,2021,May,1119
1,0,0,0,1,$2.38M,2021,May,1119
1,0,0,0,1,$4.67M,2021,May,1119
1,0,0,0,1,$3.7M,2021,May,1119
1,0,0,0,1,$4.5M,2021,May,1119
1,0,0,0,1,$3.53M,2021,May,1119
1,0,0,0,1,$2.27M,2021,May,1119
1,0,0,0,1,$3.66M,2021,May,1119
1,0,0,0,1,$2.4M,2021,May,1119
1,0,0,0,1,$3.87M,2021,May,1119
1,0,0,0,1,$3.06M,2021,May,1119
1,0,0,0,1,$3.22M,2021,May,1119
1,0,0,0,1,$2.41M,2021,Apr,1119
1,0,0,0,1,$2.14M,2021,Mar,1119
0,0,0,0,0,$35,2021,Mar,1119
1,0,0,0,1,$1.78M,2021,Mar,1119
0,1,0,0,0,,2021,,1119
1,0,0,0,1,"$992,629",2021,Mar,1119
0,0,0,0,0,"$442,857",2021,Feb,1119
0,0,0,1,0,"$413,333",2021,Feb,1119
1,0,0,0,1,"$442,857",2021,Feb,1119
0,0,0,0,0,"$395,072",2021,Feb,1119
1,0,0,0,1,"$575,841",2021,Feb,1119
1,0,0,0,1,"$653,100",2021,Feb,1119
1,0,0,0,1,"$836,305",2021,Feb,1119
0,0,0,0,0,"$326,928",2021,Feb,1119
0,0,0,0,0,"$327,084",2021,Feb,1119
1,0,0,0,1,"$793,179",2021,Feb,1119
0,0,0,1,0,"$29,863",2021,Feb,1119
0,0,0,0,0,"$27,381",2021,Feb,1119
0,0,0,1,0,"$4,119",2021,Jan,1119
0,0,0,0,0,"$4,119",2021,Jan,1119
0,0,0,0,0,"$2,784",2021,Jan,1119
0,0,0,1,0,$7,2020,Dec,1119
0,0,0,0,0,$7,2020,Dec,1119
0,0,0,0,0,$<0.01,2020,Dec,1119
0,0,0,1,0,$205,2017,Jul,1119
0,0,0,0,0,$224,2017,Jul,1119
0,0,0,1,0,$14,2017,Jun,1119
0,0,0,0,0,$14,2017,Jun,1119
0,0,1,0,0,,2017,,1119
0,0,0,1,0,"$46,103",2021,Apr,1197
0,0,0,0,0,"$45,291",2021,Apr,1197
0,0,0,0,0,$15,2017,Jun,1197
0,0,1,0,0,,2017,,1197
1,0,0,0,1,"$228,274",2021,May,943
1,0,0,0,1,"$294,261",2021,May,943
1,0,0,0,1,"$250,392",2021,Apr,943
1,0,0,0,1,"$240,589",2021,Apr,943
0,0,0,1,0,"$136,259",2021,Apr,943
0,0,0,0,0,"$164,492",2021,Apr,943
1,0,0,0,1,"$164,492",2021,Apr,943
0,0,0,0,0,"$134,496",2021,Apr,943
0,0,0,1,0,"$124,121",2021,Apr,943
1,0,0,0,1,"$200,114",2021,Apr,943
0,0,0,0,0,"$124,121",2021,Apr,943
0,0,0,0,0,"$114,468",2021,Apr,943
0,0,0,0,0,"$107,002",2021,Apr,943
0,1,0,0,0,,2021,,943
0,0,0,0,0,$14,2017,Jul,943
0,0,1,0,0,,2017,,943
0,0,0,1,0,"$192,437",2021,Apr,944
0,0,0,0,0,"$188,366",2021,Apr,944
0,0,0,0,0,"$4,086",2021,Mar,944
0,0,0,1,0,"$1,962",2020,May,944
0,0,0,0,0,"$1,962",2020,May,944
0,0,0,0,0,$4,2019,May,944
0,0,0,0,0,$4,2017,Sep,944
0,0,0,0,0,$0,2017,Jul,944
0,0,0,1,0,$21,2017,Jun,944
0,0,0,0,0,$23,2017,Jun,944
0,0,0,1,0,$26,2017,Jun,944
0,0,0,0,0,$26,2017,Jun,944
0,0,0,1,0,$23,2017,Jun,944
0,0,0,0,0,$14,2017,Jun,944
0,0,1,0,0,,2017,,944
0,0,0,1,0,"$57,714",2021,Apr,968
0,0,0,0,0,"$57,714",2021,Apr,968
0,0,0,0,0,"$1,364",2021,Mar,968
0,0,0,0,0,$56,2017,Jul,968
0,0,1,0,0,,2017,,968
1,0,0,0,1,"$123,170",2021,May,1000
0,1,0,0,0,,2021,,1000
0,0,0,1,1,,2021,,1000
1,0,0,0,1,"$21,377",2020,Nov,1000
0,0,0,0,0,"$3,535",2020,Sep,1000
1,0,0,0,1,"$3,535",2020,Sep,1000
0,0,0,1,1,,2020,,1000
1,0,0,0,1,"$1,971",2020,Apr,1000
1,0,0,0,1,"$1,791",2020,Feb,1000
1,0,0,0,1,"$1,364",2020,Jan,1000
0,0,0,0,0,$0,2020,Jan,1000
0,0,0,1,0,$359,2020,Jan,1000
0,0,0,0,0,$359,2020,Jan,1000
1,0,0,0,1,$521,2020,Jan,1000
1,0,0,0,1,$668,2020,Jan,1000
1,0,0,0,1,$508,2020,Jan,1000
1,0,0,0,1,$625,2019,Dec,1000
1,0,0,0,1,$606,2019,Sep,1000
1,0,0,0,1,$708,2019,Sep,1000
1,0,0,0,1,"$1,212",2019,Jun,1000
0,0,0,1,1,,2019,,1000
1,0,0,0,1,$717,2019,May,1000
1,0,0,0,1,$861,2019,May,1000
1,0,0,0,1,$914,2019,May,1000
1,0,0,0,1,$635,2019,Apr,1000
1,0,0,0,1,$561,2019,Mar,1000
1,0,0,0,1,$384,2019,Jan,1000
1,0,0,0,1,$756,2019,Jan,1000
0,0,0,1,1,,2018,,1000
1,0,0,0,1,$351,2018,Nov,1000
1,0,0,0,1,"$2,039",2018,Jan,1000
1,0,0,0,1,"$1,713",2017,Dec,1000
1,0,0,0,1,"$2,775",2017,Dec,1000
1,0,0,0,1,"$3,767",2017,Dec,1000
0,0,0,0,0,$565,2017,Dec,1000
1,0,0,0,1,$565,2017,Dec,1000
0,1,0,0,0,,2017,,1000
0,0,0,0,0,$97,2017,Jul,1000
0,0,0,0,0,$91,2017,Jul,1000
0,0,0,0,0,$93,2017,Jun,1000
0,0,1,0,0,,2017,,1000
0,0,0,1,0,$<0.01,2021,Apr,1371
0,0,0,0,0,"$36,636",2021,Mar,1371
0,0,0,0,0,"$2,641",2021,Mar,1371
0,0,0,0,0,$918,2020,Dec,1371
0,0,0,0,0,$170,2020,Jun,1371
0,0,0,1,0,$16,2017,Jul,1371
0,0,0,0,0,$15,2017,Jul,1371
0,0,1,0,0,,2017,,1371
0,0,0,1,0,"$38,925",2021,Jul,1418
0,0,0,0,0,"$39,704",2021,Jun,1418
0,0,0,1,0,"$50,468",2021,Apr,1418
0,0,0,0,0,"$46,849",2021,Apr,1418
0,0,0,1,0,"$33,090",2021,Apr,1418
0,0,0,0,0,"$33,152",2021,Apr,1418
0,0,0,0,0,"$29,110",2021,Apr,1418
0,0,0,0,0,$61,2021,Jan,1418
0,0,0,1,0,$26,2019,Feb,1418
0,0,0,0,0,$24,2019,Feb,1418
0,0,1,0,0,,2017,,1418
1,0,0,0,1,"$199,355",2021,May,1446
1,0,0,0,1,"$210,530",2021,May,1446
0,1,0,0,0,,2021,,1446
0,0,0,1,1,,2021,,1446
1,0,0,0,1,"$159,991",2021,Apr,1446
0,0,0,1,0,"$122,541",2021,Apr,1446
0,0,0,0,0,"$122,469",2021,Apr,1446
1,0,0,0,1,"$118,072",2021,Apr,1446
1,0,0,0,1,"$94,227",2021,Apr,1446
0,0,0,1,0,"$64,534",2021,Apr,1446
0,0,0,0,0,"$67,387",2021,Apr,1446
1,0,0,0,1,"$76,579",2021,Mar,1446
0,0,0,1,0,"$57,150",2021,Mar,1446
1,0,0,0,1,"$74,232",2021,Mar,1446
0,0,0,0,0,"$51,907",2021,Mar,1446
1,0,0,0,1,"$68,316",2021,Mar,1446
1,0,0,0,1,"$71,337",2021,Mar,1446
1,0,0,0,1,"$74,605",2021,Mar,1446
0,0,0,0,0,"$76,906",2021,Mar,1446
0,0,0,1,0,"$73,131",2021,Mar,1446
0,0,0,0,0,"$72,661",2021,Mar,1446
1,0,0,0,1,"$76,779",2021,Mar,1446
1,0,0,0,1,"$81,589",2021,Mar,1446
0,0,0,1,0,"$6,702",2021,Jan,1446
0,0,0,0,0,"$6,075",2021,Jan,1446
0,0,0,0,0,$16,2017,Jun,1446
0,0,1,0,0,,2017,,1446
0,0,0,1,0,"$126,385",2021,May,1474
1,0,0,0,1,"$155,834",2021,May,1474
0,0,0,0,0,"$71,127",2021,Apr,1474
0,0,0,1,0,"$54,713",2021,Apr,1474
1,0,0,0,1,"$108,649",2021,Apr,1474
0,0,0,0,0,"$60,250",2021,Apr,1474
0,0,0,1,0,"$73,148",2021,Apr,1474
0,0,0,0,0,"$70,125",2021,Apr,1474
1,0,0,0,1,"$108,121",2021,Apr,1474
1,0,0,0,1,"$73,908",2021,Mar,1474
0,0,0,0,0,"$58,617",2021,Mar,1474
1,0,0,0,1,"$58,617",2021,Mar,1474
1,0,0,0,1,"$80,221",2021,Mar,1474
1,0,0,0,1,"$106,448",2021,Mar,1474
0,0,0,1,1,,2021,,1474
1,0,0,0,1,"$32,558",2021,Jan,1474
0,0,0,0,0,$<0.01,2020,Dec,1474
0,0,0,1,0,$42,2017,Dec,1474
0,0,0,0,0,$72,2017,Dec,1474
0,0,0,0,0,$37,2017,Dec,1474
1,0,0,0,1,$69,2017,Dec,1474
0,0,0,0,0,$34,2017,Dec,1474
1,0,0,0,1,$131,2017,Dec,1474
0,0,1,0,0,,2017,,1474
0,0,0,1,0,$538,2021,Apr,1515
0,0,0,0,0,$520,2021,Apr,1515
0,0,0,0,0,$<0.01,2020,Dec,1515
0,0,1,0,0,,2017,,1515
0,0,0,1,0,"$147,582",2021,May,1523
1,0,0,0,1,"$250,890",2021,May,1523
0,0,0,0,0,"$147,582",2021,May,1523
0,0,0,1,0,"$118,492",2021,Apr,1523
0,0,0,0,0,"$118,688",2021,Apr,1523
1,0,0,0,1,"$122,339",2021,Apr,1523
0,0,0,0,0,$14,2017,Jun,1523
0,0,1,0,0,,2017,,1523
0,0,0,1,0,$231,2021,Apr,1685
0,0,0,0,0,$174,2021,Mar,1685
0,0,0,0,0,$16,2017,Jun,1685
0,0,1,0,0,,2017,,1685
1,0,0,0,1,"$108,659",2021,Jun,1721
0,0,0,0,0,"$89,523",2021,Jun,1721
1,0,0,0,1,"$88,033",2021,Jun,1721
0,0,0,1,0,"$82,095",2021,May,1721
0,0,0,0,0,"$82,051",2021,May,1721
0,0,0,1,0,"$78,377",2021,May,1721
1,0,0,0,1,"$85,532",2021,May,1721
0,0,0,0,0,"$76,991",2021,May,1721
1,0,0,0,1,"$89,300",2021,May,1721
1,0,0,0,1,"$101,956",2021,May,1721
1,0,0,0,1,"$121,344",2021,May,1721
1,0,0,0,1,"$128,923",2021,May,1721
0,0,0,1,0,"$79,296",2021,May,1721
0,0,0,0,0,"$76,525",2021,May,1721
1,0,0,0,1,"$101,105",2021,May,1721
1,0,0,0,1,"$106,716",2021,May,1721
1,0,0,0,1,"$92,356",2021,May,1721
1,0,0,0,1,"$97,908",2021,May,1721
1,0,0,0,1,"$123,692",2021,May,1721
1,0,0,0,1,"$124,627",2021,May,1721
1,0,0,0,1,"$120,166",2021,May,1721
1,0,0,0,1,"$159,827",2021,May,1721
1,0,0,0,1,"$200,668",2021,May,1721
1,0,0,0,1,"$189,446",2021,May,1721
1,0,0,0,1,"$223,035",2021,May,1721
1,0,0,0,1,"$224,928",2021,May,1721
1,0,0,0,1,"$207,294",2021,May,1721
1,0,0,0,1,"$210,496",2021,May,1721
1,0,0,0,1,"$243,104",2021,May,1721
1,0,0,0,1,"$279,991",2021,May,1721
0,0,0,1,0,"$128,008",2021,Apr,1721
0,0,0,0,0,"$128,215",2021,Apr,1721
1,0,0,0,1,"$152,394",2021,Apr,1721
1,0,0,0,1,"$138,976",2021,Apr,1721
1,0,0,0,1,"$136,042",2021,Apr,1721
1,0,0,0,1,"$126,805",2021,Apr,1721
1,0,0,0,1,"$132,312",2021,Apr,1721
1,0,0,0,1,"$127,905",2021,Apr,1721
1,0,0,0,1,"$129,006",2021,Apr,1721
1,0,0,0,1,"$111,802",2021,Apr,1721
0,0,0,1,0,"$98,208",2021,Apr,1721
0,0,0,0,0,"$98,779",2021,Apr,1721
1,0,0,0,1,"$116,793",2021,Apr,1721
1,0,0,0,1,"$114,041",2021,Apr,1721
1,0,0,0,1,"$124,001",2021,Apr,1721
1,0,0,0,1,"$105,653",2021,Apr,1721
0,0,0,1,0,"$61,373",2021,Apr,1721
1,0,0,0,1,"$87,513",2021,Mar,1721
0,0,0,0,0,"$53,581",2021,Mar,1721
1,0,0,0,1,"$86,467",2021,Mar,1721
1,0,0,0,1,"$92,019",2021,Mar,1721
1,0,0,0,1,"$126,375",2021,Mar,1721
0,0,0,0,0,"$79,737",2021,Mar,1721
1,0,0,0,1,"$81,589",2021,Mar,1721
0,0,0,1,0,"$11,806",2021,Feb,1721
0,1,0,0,0,,2021,,1721
0,0,0,0,0,"$8,427",2021,Jan,1721
0,0,0,0,0,"$7,216",2021,Jan,1721
0,0,0,1,0,$263,2018,Jan,1721
0,0,0,0,0,$273,2018,Jan,1721
0,0,1,0,0,,2017,,1721
0,0,0,0,0,$<0.01,2020,Dec,1757
0,1,0,0,0,,2019,,1757
0,0,0,0,0,$65,2019,Dec,1757
1,0,0,0,1,$83,2019,Sep,1757
0,0,0,1,1,,2018,,1757
1,0,0,0,1,$80,2018,Apr,1757
0,0,0,0,0,$70,2018,Mar,1757
0,0,0,1,0,$54,2018,Mar,1757
0,0,0,0,0,$54,2018,Mar,1757
1,0,0,0,1,$91,2017,Dec,1757
1,0,0,0,1,$104,2017,Dec,1757
0,1,0,0,0,,2017,,1757
0,0,1,0,0,,2017,,1757
0,0,0,0,0,"$77,514",2021,Jun,1782
1,0,0,0,1,"$80,661",2021,Jun,1782
0,0,0,1,0,"$69,475",2021,Jun,1782
0,0,0,0,0,"$69,523",2021,Jun,1782
1,0,0,0,1,"$87,580",2021,Jun,1782
0,0,0,1,1,,2021,,1782
1,0,0,0,1,"$70,832",2021,Mar,1782
1,0,0,0,1,"$181,723",2021,Feb,1782
1,0,0,0,1,"$8,942",2020,Sep,1782
0,0,0,1,1,,2018,,1782
1,0,0,0,1,"$8,112",2018,Feb,1782
1,0,0,0,1,$811,2018,Feb,1782
0,0,0,0,0,$146,2018,Feb,1782
1,0,0,0,1,$230,2018,Jan,1782
1,0,0,0,1,$114,2018,Jan,1782
1,0,0,0,1,$105,2017,Dec,1782
1,0,0,0,1,$147,2017,Jul,1782
0,1,0,0,0,,2017,,1782
0,0,0,0,0,$13,2017,Jun,1782
0,0,1,0,0,,2017,,1782
0,1,0,0,0,,2021,,1806
0,0,0,0,0,$1,2021,Jan,1806
0,0,0,1,0,$52,2020,Jan,1806
0,0,0,0,0,$59,2019,Nov,1806
0,0,0,1,0,$15,2019,Nov,1806
0,0,0,0,0,$17,2019,Oct,1806
0,0,1,0,0,,2017,,1806
0,1,0,0,0,,2021,,1810
0,0,0,1,0,"$4,201",2021,Apr,1810
0,0,0,0,0,"$3,188",2021,Mar,1810
0,0,0,0,0,"$1,824",2021,Mar,1810
0,0,0,0,0,$161,2021,Feb,1810
0,0,0,0,0,$14,2017,Jul,1810
0,0,1,0,0,,2017,,1810
0,0,0,1,0,"$57,132",2021,Jun,1818
0,0,0,0,0,"$57,132",2021,Jun,1818
1,0,0,0,1,"$119,696",2021,May,1818
0,1,0,0,0,,2021,,1818
0,0,0,0,0,$6,2021,Jan,1818
0,0,1,0,0,,2017,,1818
1,0,0,0,1,"$66,874",2021,Jun,1836
0,0,0,0,0,"$63,126",2021,Jun,1836
1,0,0,0,1,"$65,004",2021,Jun,1836
0,1,0,0,0,,2021,,1836
0,0,0,1,1,,2021,,1836
1,0,0,0,1,"$162,382",2021,May,1836
0,0,0,0,0,$<0.01,2021,May,1836
0,0,0,0,0,"$63,924",2021,May,1836
1,0,0,0,1,"$75,167",2021,May,1836
1,0,0,0,1,"$151,600",2021,May,1836
1,0,0,0,1,"$137,376",2021,May,1836
0,0,0,1,0,"$97,001",2021,Apr,1836
0,0,0,0,0,"$75,449",2021,Apr,1836
1,0,0,0,1,"$106,255",2021,Apr,1836
0,0,0,0,0,$<0.01,2020,Dec,1836
0,0,0,1,0,$393,2020,Oct,1836
0,0,0,0,0,$368,2020,Oct,1836
0,0,0,1,0,$352,2020,Oct,1836
0,0,0,0,0,$345,2020,Oct,1836
0,0,0,0,0,$61,2018,May,1836
1,0,0,0,1,$61,2018,May,1836
0,0,1,0,0,,2017,,1836
0,0,0,1,0,$237,2021,Apr,1840
0,0,0,0,0,$174,2021,Mar,1840
0,0,0,0,0,$69,2017,Jul,1840
1,0,0,0,1,$94,2017,Jul,1840
0,0,1,0,0,,2017,,1840
0,0,0,0,0,"$66,184",2021,Apr,1874
0,0,0,1,0,"$66,184",2021,Apr,1874
1,0,0,0,1,"$62,935",2021,Apr,1874
1,0,0,0,1,"$77,562",2021,Apr,1874
0,0,0,1,1,,2021,,1874
1,0,0,0,1,"$39,546",2021,Mar,1874
1,0,0,0,1,"$54,174",2021,Mar,1874
0,0,0,0,0,$<0.01,2020,Dec,1874
0,0,0,0,0,$52,2018,May,1874
1,0,0,0,1,$61,2018,May,1874
0,0,1,0,0,,2017,,1874
0,0,0,0,0,$<0.01,2020,Dec,1895
0,0,0,1,0,$15,2018,Aug,1895
0,0,0,0,0,$29,2018,Aug,1895
0,0,0,0,0,$14,2018,Aug,1895
1,0,0,0,1,$52,2018,Jun,1895
0,0,1,0,0,,2017,,1895
0,0,0,1,0,$241,2021,Apr,1897
0,0,0,0,0,$246,2021,Apr,1897
0,0,0,0,0,$<0.01,2020,Dec,1897
0,0,0,0,0,$130,2018,Feb,1897
1,0,0,0,1,$108,2017,Dec,1897
1,0,0,0,1,$448,2017,Jul,1897
0,0,1,0,0,,2017,,1897
0,1,0,0,0,,2021,,1898
0,0,0,0,0,"$33,151",2021,Mar,1898
0,0,0,1,0,"$29,497",2021,Mar,1898
0,0,0,0,0,"$29,543",2021,Mar,1898
0,0,0,0,0,"$25,384",2021,Mar,1898
0,0,0,1,0,"$25,454",2021,Mar,1898
0,0,0,0,0,"$25,330",2021,Mar,1898
1,0,0,0,1,"$30,293",2021,Mar,1898
0,0,0,1,0,"$37,856",2021,Mar,1898
0,0,0,0,0,"$37,421",2021,Mar,1898
0,0,0,1,0,"$26,749",2021,Mar,1898
1,0,0,0,1,"$40,997",2021,Mar,1898
0,0,0,0,0,"$26,749",2021,Mar,1898
0,0,0,1,0,"$32,099",2021,Mar,1898
0,0,0,0,0,"$32,099",2021,Mar,1898
0,0,0,0,0,"$36,557",2021,Mar,1898
1,0,0,0,1,"$36,557",2021,Mar,1898
1,0,0,0,1,"$39,390",2021,Mar,1898
1,0,0,0,1,"$44,791",2021,Mar,1898
1,0,0,0,1,"$76,858",2021,Mar,1898
0,0,0,1,1,,2020,,1898
1,0,0,0,1,"$2,468",2020,Sep,1898
1,0,0,0,1,"$3,320",2020,Sep,1898
0,0,0,0,0,"$1,824",2020,Sep,1898
1,0,0,0,1,"$1,790",2020,Sep,1898
0,0,1,0,0,,2017,,1898
0,0,0,0,0,$0,2021,Mar,1899
0,0,0,0,0,$<0.01,2020,Dec,1899
0,0,0,1,0,$463,2020,Nov,1899
0,0,0,0,0,$456,2020,Nov,1899
0,0,0,0,0,$30,2018,Jul,1899
0,0,0,0,0,$34,2018,Jul,1899
0,0,0,0,0,$23,2018,Jun,1899
1,0,0,0,1,$52,2018,Jun,1899
0,0,1,0,0,,2017,,1899
0,0,0,1,0,$7,2021,Apr,1910
0,0,0,0,0,$8,2021,Apr,1910
0,0,0,0,0,"$45,251",2021,Mar,1910
0,0,0,0,0,$2,2021,Mar,1910
1,0,0,0,1,"$44,400",2021,Mar,1910
0,1,0,0,0,,2021,,1910
0,0,1,0,0,,2017,,1910
1,0,0,0,1,"$63,248",2021,Jul,1912
0,0,0,1,0,"$37,772",2021,May,1912
0,0,0,0,0,"$53,433",2021,May,1912
0,0,0,0,0,"$38,543",2021,May,1912
1,0,0,0,1,"$54,783",2021,May,1912
0,0,0,1,1,,2021,,1912
1,0,0,0,1,"$76,350",2021,May,1912
0,0,0,0,0,"$72,281",2021,May,1912
1,0,0,0,1,"$70,911",2021,May,1912
1,0,0,0,1,"$78,328",2021,May,1912
0,1,0,0,0,,2021,,1912
0,0,0,0,0,$<0.01,2020,Dec,1912
0,0,0,0,0,$41,2018,Aug,1912
1,0,0,0,1,$52,2018,Jun,1912
1,0,0,0,1,$122,2017,Jul,1912
0,0,1,0,0,,2017,,1912
0,0,0,1,0,$18,2021,Jun,1922
0,0,0,0,0,$18,2021,Jun,1922
0,0,0,0,0,$2,2020,Nov,1922
0,0,0,0,0,$1,2020,Jun,1922
0,0,1,0,0,,2017,,1922
0,0,0,1,0,"$82,888",2021,Apr,1941
0,0,0,0,0,"$80,394",2021,Apr,1941
0,0,0,1,0,"$88,791",2021,Apr,1941
0,0,0,0,0,"$79,713",2021,Apr,1941
0,0,0,0,0,"$75,611",2021,Apr,1941
1,0,0,0,1,"$84,506",2021,Apr,1941
0,0,0,1,0,"$52,795",2021,Apr,1941
0,0,0,0,0,"$68,323",2021,Apr,1941
0,0,0,0,0,"$52,795",2021,Apr,1941
0,0,0,1,0,"$40,390",2021,Apr,1941
1,0,0,0,1,"$64,869",2021,Apr,1941
0,0,0,0,0,"$40,197",2021,Apr,1941
0,0,0,0,0,$180,2021,Mar,1941
0,0,0,0,0,$16,2017,Jun,1941
0,0,1,0,0,,2017,,1941
0,0,0,0,0,$195,2021,Mar,1952
0,0,0,0,0,$169,2021,Mar,1952
0,0,0,0,0,$101,2021,Mar,1952
0,0,0,0,0,$78,2021,Mar,1952
0,0,0,0,0,$<0.01,2020,Dec,1952
0,0,0,1,0,$43,2020,Aug,1952
0,0,0,0,0,$51,2017,Dec,1952
0,0,0,1,0,$16,2017,Jun,1952
0,0,0,0,0,$16,2017,Jun,1952
0,0,1,0,0,,2017,,1952
0,0,0,0,0,"$172,717",2021,May,1959
0,0,0,0,0,"$161,792",2021,May,1959
0,0,0,0,0,"$137,969",2021,Apr,1959
1,0,0,0,1,"$193,157",2021,Apr,1959
1,0,0,0,1,"$201,527",2021,Apr,1959
0,1,0,0,0,,2021,,1959
0,0,0,0,0,$14,2017,Jul,1959
0,0,0,1,0,$44,2017,Jun,1959
0,0,0,0,0,$44,2017,Jun,1959
0,0,1,0,0,,2017,,1959
0,0,0,0,0,"$1,287",2021,Jan,1984
0,0,0,1,0,$36,2020,Jan,1984
0,0,0,0,0,$44,2019,Sep,1984
0,0,1,0,0,,2017,,1984
0,0,0,1,0,"$3,303",2021,Apr,2203
0,0,0,0,0,"$2,574",2021,Mar,2203
0,0,0,0,0,"$1,644",2021,Mar,2203
0,0,1,0,0,,2017,,2203
0,0,0,0,0,$<0.01,2020,Dec,2216
0,1,0,0,0,,2018,,2216
1,0,0,0,1,$486,2018,Mar,2216
0,0,0,0,0,$69,2017,Aug,2216
1,0,0,0,1,$71,2017,Aug,2216
0,0,0,0,0,$68,2017,Jul,2216
0,0,0,1,0,$45,2017,Jul,2216
0,0,0,0,0,$48,2017,Jul,2216
1,0,0,0,1,$68,2017,Jul,2216
1,0,0,0,1,$103,2017,Jul,2216
0,0,1,0,0,,2017,,2216
0,0,0,1,1,,2021,,2229
1,0,0,0,1,"$89,015",2021,Apr,2229
1,0,0,0,1,"$92,660",2021,Apr,2229
1,0,0,0,1,"$88,977",2021,Apr,2229
0,1,0,0,0,,2021,,2229
0,0,0,0,0,$6,2021,Jan,2229
0,0,0,1,0,$72,2020,Jan,2229
0,0,0,0,0,$72,2020,Jan,2229
0,0,1,0,0,,2017,,2229
0,0,0,0,0,$612,2020,Dec,2267
0,0,0,0,0,$113,2017,Aug,2267
0,0,0,0,0,$79,2017,Aug,2267
0,0,0,1,0,$51,2017,Jul,2267
0,0,0,0,0,$74,2017,Jul,2267
0,0,0,1,0,$14,2017,Jun,2267
0,0,0,0,0,$14,2017,Jun,2267
0,0,1,0,0,,2017,,2267
0,0,0,0,0,$45,2021,Mar,2273
0,1,0,0,0,,2021,,2273
0,0,0,0,0,$5,2019,May,2273
0,0,0,0,0,$21,2018,Feb,2273
0,0,0,1,0,$21,2018,Feb,2273
0,0,0,0,0,$25,2018,Jan,2273
0,0,1,0,0,,2017,,2273
0,0,0,1,0,$34,2021,May,2305
0,0,0,0,0,$21,2021,Apr,2305
0,0,0,0,0,$<0.01,2020,Dec,2305
0,0,1,0,0,,2017,,2305
0,0,0,1,0,"$24,942",2021,Apr,2308
0,0,0,0,0,"$21,739",2021,Apr,2308
0,0,0,0,0,"$34,038",2021,Mar,2308
0,0,0,0,0,$17,2021,Mar,2308
0,0,0,1,0,"$27,570",2021,Mar,2308
0,0,0,0,0,"$27,570",2021,Mar,2308
1,0,0,0,1,"$32,001",2021,Mar,2308
0,0,0,1,0,"$27,169",2021,Mar,2308
0,0,0,0,0,"$26,419",2021,Mar,2308
0,1,0,0,0,,2021,,2308
1,0,0,0,1,"$26,149",2021,Mar,2308
0,0,0,0,0,"$22,910",2021,Mar,2308
1,0,0,0,1,"$27,351",2021,Mar,2308
1,0,0,0,1,"$27,697",2021,Mar,2308
0,0,0,1,0,"$28,011",2021,Mar,2308
0,0,0,0,0,"$27,962",2021,Mar,2308
1,0,0,0,1,"$30,905",2021,Mar,2308
0,0,0,0,0,,2021,,2308
0,0,0,0,0,,2020,,2308
0,1,0,0,0,,2020,,2308
0,0,0,0,0,"$2,139",2020,Sep,2308
1,0,0,0,1,"$2,142",2020,Sep,2308
0,0,0,0,0,"$1,800",2020,Sep,2308
0,0,0,0,0,$61,2019,May,2308
1,0,0,0,1,$42,2019,Jan,2308
1,0,0,0,1,$47,2018,Dec,2308
0,0,0,0,0,$26,2018,Dec,2308
1,0,0,0,1,$171,2017,Dec,2308
0,0,0,0,0,$83,2017,Jul,2308
0,0,0,0,0,$68,2017,Jul,2308
1,0,0,0,1,$78,2017,Jul,2308
0,0,1,0,0,,2017,,2308
1,0,0,0,1,"$75,949",2021,May,2321
0,0,0,0,0,"$53,439",2021,May,2321
1,0,0,0,1,"$90,413",2021,May,2321
1,0,0,0,1,"$92,586",2021,May,2321
0,0,0,0,0,"$54,054",2021,May,2321
1,0,0,0,1,"$65,467",2021,May,2321
0,0,0,0,0,"$56,379",2021,May,2321
1,0,0,0,1,"$76,717",2021,May,2321
1,0,0,0,1,"$75,396",2021,May,2321
0,0,0,0,0,"$45,810",2021,May,2321
0,0,0,0,0,"$44,985",2021,May,2321
1,0,0,0,1,"$59,980",2021,May,2321
0,0,0,1,1,,2021,,2321
1,0,0,0,1,"$72,711",2021,Apr,2321
0,0,0,1,0,$121,2021,Apr,2321
0,0,0,0,0,$122,2021,Apr,2321
1,0,0,0,1,"$65,316",2021,Apr,2321
0,0,0,0,0,"$59,130",2021,Apr,2321
1,0,0,0,1,"$59,130",2021,Apr,2321
0,1,0,0,0,,2021,,2321
0,0,0,0,0,$<0.01,2020,Dec,2321
0,0,0,0,0,$56,2018,Sep,2321
1,0,0,0,1,$55,2018,Aug,2321
0,0,0,0,0,$30,2018,Aug,2321
0,0,0,1,0,$25,2018,Aug,2321
0,0,0,0,0,$35,2018,Jul,2321
1,0,0,0,1,$48,2018,Jul,2321
0,0,0,1,0,$19,2017,Jun,2321
0,0,0,0,0,$15,2017,Jun,2321
0,0,1,0,0,,2017,,2321
0,0,0,0,0,$<0.01,2020,Dec,2335
0,0,0,1,0,$393,2020,Oct,2335
0,0,0,0,0,$368,2020,Oct,2335
0,0,0,0,0,$38,2018,Aug,2335
1,0,0,0,1,$56,2018,Jul,2335
0,0,0,1,0,$284,2018,Jan,2335
0,0,0,0,0,$294,2018,Jan,2335
0,0,0,1,0,$17,2017,Jul,2335
0,0,0,0,0,$20,2017,Jul,2335
1,0,0,0,1,$78,2017,Jul,2335
0,0,1,0,0,,2017,,2335
0,0,0,0,0,$211,2021,Apr,2356
0,0,0,0,0,$0,2021,Mar,2356
0,0,0,0,0,$<0.01,2020,Dec,2356
0,0,0,1,0,$55,2019,Jul,2356
0,0,0,0,0,$53,2019,Jun,2356
0,0,1,0,0,,2017,,2356
0,0,0,0,0,$16,2017,Jun,2362
0,0,0,1,0,$16,2017,Jun,2362
0,0,0,0,0,$14,2017,Jun,2362
0,0,1,0,0,,2017,,2362
0,0,0,1,0,"$649,239",2021,May,2424
0,0,0,0,0,"$781,492",2021,May,2424
0,0,0,0,0,"$559,324",2021,May,2424
1,0,0,0,1,"$932,903",2021,May,2424
0,0,0,0,0,"$562,376",2021,May,2424
1,0,0,0,1,$1.33M,2021,May,2424
0,0,0,0,0,,2021,,2424
0,1,0,0,0,,2021,,2424
0,0,0,0,0,$311,2021,Mar,2424
0,0,0,0,0,,2020,,2424
0,1,0,0,0,,2020,,2424
0,0,0,1,0,"$18,251",2020,Dec,2424
0,0,0,0,0,"$19,001",2020,Dec,2424
0,0,0,1,1,,2020,,2424
0,0,0,1,0,"$18,112",2020,Nov,2424
0,0,0,0,0,"$17,951",2020,Nov,2424
1,0,0,0,1,"$25,989",2020,Nov,2424
1,0,0,0,1,"$23,132",2020,Nov,2424
0,0,0,0,0,$82,2020,Oct,2424
1,0,0,0,1,"$46,789",2020,Oct,2424
0,0,0,0,0,$75,2020,Oct,2424
0,0,0,0,0,$35,2020,Oct,2424
1,0,0,0,1,"$70,610",2020,Oct,2424
1,0,0,0,1,"$30,849",2020,Sep,2424
1,0,0,0,1,"$34,127",2020,Sep,2424
1,0,0,0,1,"$41,125",2020,Sep,2424
1,0,0,0,1,"$33,916",2020,Sep,2424
0,0,0,0,0,"$15,084",2020,Sep,2424
0,0,0,1,0,"$4,694",2020,Aug,2424
0,0,0,0,0,"$5,293",2020,Aug,2424
1,0,0,0,1,"$12,366",2020,Aug,2424
1,0,0,0,1,"$14,975",2020,Aug,2424
1,0,0,0,1,"$15,410",2020,Aug,2424
1,0,0,0,1,"$11,378",2020,Jun,2424
1,0,0,0,1,"$15,549",2020,May,2424
1,0,0,0,1,"$10,388",2020,May,2424
0,1,0,0,0,,2019,,2424
0,0,0,0,0,$266,2017,Jul,2424
0,0,0,0,0,$269,2017,Jul,2424
0,0,1,0,0,,2017,,2424
0,0,0,1,0,"$105,190",2021,Jun,2464
0,0,0,0,0,"$106,253",2021,Jun,2464
0,0,0,0,0,"$93,924",2021,Jun,2464
1,0,0,0,1,"$141,244",2021,Jun,2464
0,0,0,1,0,"$113,212",2021,May,2464
0,0,0,0,0,"$113,349",2021,May,2464
0,0,0,1,0,"$136,283",2021,May,2464
1,0,0,0,1,"$235,088",2021,May,2464
0,0,0,0,0,"$160,566",2021,May,2464
0,0,0,0,0,"$140,278",2021,May,2464
1,0,0,0,1,"$140,278",2021,May,2464
0,0,0,0,0,"$116,899",2021,May,2464
0,0,0,0,0,"$109,105",2021,May,2464
0,0,0,0,0,"$92,890",2021,May,2464
0,0,0,1,0,"$107,172",2021,May,2464
0,0,0,0,0,"$111,229",2021,May,2464
0,0,0,0,0,"$2,733",2021,Feb,2464
0,0,0,0,0,$35,2020,Sep,2464
0,0,0,0,0,$16,2017,Jun,2464
0,0,1,0,0,,2017,,2464
0,0,0,1,0,"$42,398",2021,Jun,2505
0,0,0,0,0,"$43,237",2021,Jun,2505
0,0,0,1,0,"$30,964",2021,Jun,2505
0,0,0,0,0,"$30,964",2021,Jun,2505
1,0,0,0,1,"$56,716",2021,Jun,2505
1,0,0,0,1,"$59,996",2021,Jun,2505
1,0,0,0,1,"$70,458",2021,Jun,2505
1,0,0,0,1,"$63,275",2021,May,2505
1,0,0,0,1,"$124,775",2021,May,2505
1,0,0,0,1,"$135,783",2021,May,2505
1,0,0,0,1,"$115,217",2021,May,2505
1,0,0,0,1,"$72,676",2021,Apr,2505
1,0,0,0,1,"$68,709",2021,Apr,2505
1,0,0,0,1,"$79,604",2021,Apr,2505
0,1,0,0,0,,2021,,2505
1,0,0,0,1,"$71,108",2021,Apr,2505
0,0,0,0,0,"$31,221",2021,Mar,2505
0,0,0,0,0,"$30,708",2021,Mar,2505
0,0,0,0,0,"$26,707",2021,Mar,2505
1,0,0,0,1,"$34,910",2021,Mar,2505
1,0,0,0,1,"$36,899",2021,Mar,2505
1,0,0,0,1,"$40,163",2021,Mar,2505
1,0,0,0,1,"$52,919",2021,Mar,2505
0,0,0,1,0,"$29,515",2021,Mar,2505
1,0,0,0,1,"$57,545",2021,Mar,2505
0,0,0,0,0,"$28,439",2021,Mar,2505
1,0,0,0,1,"$63,347",2021,Mar,2505
0,1,0,0,0,,2018,,2505
0,0,1,0,0,,2017,,2505
0,0,0,1,0,"$70,393",2021,Apr,2551
0,0,0,0,0,"$65,190",2021,Apr,2551
0,0,0,0,0,"$6,241",2021,Jan,2551
0,0,0,1,0,$15,2017,Jun,2551
0,0,0,0,0,$14,2017,Jun,2551
0,0,1,0,0,,2017,,2551
0,1,0,0,0,,2021,,2601
0,0,0,1,0,"$16,470",2021,Apr,2601
0,0,0,0,0,"$14,793",2021,Mar,2601
0,0,0,0,0,$17,2021,Mar,2601
0,0,1,0,0,,2017,,2601
0,0,0,1,0,"$144,267",2021,May,2726
0,0,0,0,0,"$126,960",2021,Apr,2726
0,0,0,1,0,"$121,440",2021,Apr,2726
0,0,0,0,0,"$115,847",2021,Apr,2726
0,0,0,0,0,"$53,412",2021,Feb,2726
1,0,0,0,1,"$7,800",2017,Jun,2726
0,0,0,0,0,$13,2017,Jun,2726
0,0,1,0,0,,2017,,2726
0,0,0,0,0,$<0.01,2020,Dec,2766
0,0,0,1,0,$733,2020,Sep,2766
0,0,0,0,0,$726,2020,Sep,2766
0,0,0,0,0,$336,2020,Sep,2766
0,0,0,0,0,$263,2017,Nov,2766
1,0,0,0,1,$264,2017,Aug,2766
1,0,0,0,1,$329,2017,Aug,2766
1,0,0,0,1,$304,2017,Jul,2766
0,0,0,1,0,$23,2017,Jul,2766
0,0,0,0,0,$284,2017,Jul,2766
1,0,0,0,1,$261,2017,Jul,2766
0,0,0,0,0,$47,2017,Jun,2766
0,0,1,0,0,,2017,,2766
0,0,0,1,0,"$70,400",2021,Apr,2795
0,0,0,0,0,"$70,651",2021,Apr,2795
0,0,0,1,0,"$51,434",2021,Apr,2795
0,0,0,0,0,"$41,721",2021,Mar,2795
0,0,0,0,0,"$37,140",2021,Mar,2795
0,0,0,0,0,"$33,764",2021,Mar,2795
0,0,0,0,0,"$30,388",2021,Mar,2795
0,0,0,1,0,"$37,140",2021,Mar,2795
0,0,0,1,0,"$44,726",2021,Mar,2795
0,0,0,0,0,"$44,726",2021,Mar,2795
0,1,0,0,0,,2020,,2795
0,0,0,1,1,,2020,,2795
1,0,0,0,1,"$8,296",2020,Sep,2795
1,0,0,0,1,"$3,889",2020,May,2795
0,0,0,0,0,$629,2020,May,2795
1,0,0,0,1,$612,2020,May,2795
0,0,0,1,0,$136,2020,Jan,2795
0,0,0,0,0,$134,2020,Jan,2795
0,0,0,0,0,$45,2018,Nov,2795
0,0,0,0,0,$41,2018,Oct,2795
0,0,0,1,0,$35,2018,Aug,2795
0,0,0,0,0,$38,2018,Aug,2795
1,0,0,0,1,$167,2018,Aug,2795
0,1,0,0,0,,2017,,2795
0,0,0,0,0,$67,2017,Nov,2795
1,0,0,0,1,$67,2017,Nov,2795
1,0,0,0,1,$362,2017,Jul,2795
1,0,0,0,1,$99,2017,Jul,2795
1,0,0,0,1,$36,2017,Jul,2795
0,0,0,1,0,$13,2017,Jul,2795
0,0,0,0,0,$14,2017,Jun,2795
0,0,1,0,0,,2017,,2795
1,0,0,0,1,"$472,780",2021,Mar,2829
0,1,0,0,0,,2021,,2829
0,0,0,1,1,,2021,,2829
0,0,0,0,0,$15,2021,Feb,2829
1,0,0,0,1,"$193,382",2021,Jan,2829
0,0,0,1,0,"$5,255",2020,Dec,2829
0,0,0,0,0,"$5,255",2020,Dec,2829
0,1,0,0,0,,2018,,2829
0,0,0,0,0,$16,2017,Jun,2829
0,0,1,0,0,,2017,,2829
0,1,0,0,0,,2021,,2841
0,0,0,0,0,$6,2021,Jan,2841
0,0,0,1,0,$57,2017,Jul,2841
0,0,0,0,0,$61,2017,Jul,2841
0,0,1,0,0,,2017,,2841
0,0,0,1,0,"$7,870",2021,Jun,2859
0,0,0,0,0,"$8,986",2021,Jun,2859
0,1,0,0,0,,2021,,2859
0,0,0,0,0,$13,2017,Jun,2859
0,0,1,0,0,,2017,,2859
0,0,0,1,0,"$325,335",2021,May,2886
0,0,0,0,0,"$322,061",2021,May,2886
0,0,0,1,0,"$231,178",2021,May,2886
0,0,0,0,0,"$231,178",2021,May,2886
1,0,0,0,1,"$395,390",2021,May,2886
0,1,0,0,0,,2021,,2886
0,0,0,0,0,$16,2017,Jun,2886
0,0,1,0,0,,2017,,2886
0,0,0,1,0,"$2,753",2021,May,2924
0,0,0,0,0,"$2,751",2021,May,2924
0,0,0,1,1,,2021,,2924
0,0,0,0,0,$5,2021,Mar,2924
0,0,0,0,0,$2,2021,Mar,2924
1,0,0,0,1,$6.39M,2021,Mar,2924
0,1,0,0,0,,2020,,2924
0,0,0,0,0,"$71,403",2020,Nov,2924
0,0,0,0,0,"$70,533",2020,Nov,2924
0,0,0,0,0,"$47,022",2020,Nov,2924
1,0,0,0,1,"$94,044",2020,Nov,2924
0,0,0,1,0,"$7,785",2020,May,2924
0,0,0,0,0,"$8,167",2020,May,2924
0,0,0,1,0,"$1,737",2020,May,2924
0,0,0,0,0,"$1,737",2020,May,2924
0,0,0,1,0,"$6,308",2020,Apr,2924
0,0,0,0,0,"$6,308",2020,Apr,2924
0,0,0,0,0,"$5,918",2020,Apr,2924
0,0,0,0,0,"$5,914",2020,Apr,2924
0,0,0,0,0,"$4,928",2020,Apr,2924
0,0,0,1,0,"$1,064",2020,Jan,2924
0,0,0,0,0,"$1,080",2020,Jan,2924
0,0,0,1,0,$849,2019,Jul,2924
0,0,0,0,0,$869,2019,Jul,2924
0,0,0,1,0,"$1,710",2018,Sep,2924
0,0,0,0,0,"$1,710",2018,Sep,2924
0,0,0,1,0,"$1,527",2018,Sep,2924
0,0,0,0,0,"$1,527",2018,Sep,2924
0,0,0,0,0,"$1,438",2017,Jul,2924
1,0,0,0,1,"$1,438",2017,Jul,2924
0,0,0,1,0,"$1,232",2017,Jul,2924
0,0,0,0,0,"$1,232",2017,Jul,2924
1,0,0,0,1,"$1,793",2017,Jul,2924
0,0,0,1,0,$696,2017,Jul,2924
0,0,0,0,0,$953,2017,Jul,2924
0,0,0,0,0,$696,2017,Jul,2924
0,0,0,1,0,$619,2017,Jul,2924
0,0,0,0,0,$619,2017,Jul,2924
1,0,0,0,1,$953,2017,Jul,2924
0,0,0,0,0,$304,2017,Jul,2924
0,0,0,0,0,$284,2017,Jul,2924
0,0,0,0,0,$120,2017,Jun,2924
0,0,0,0,0,$22,2017,Jun,2924
0,0,0,0,0,$24,2017,Jun,2924
0,0,1,0,0,,2017,,2924
1,0,0,0,1,"$98,678",2021,Apr,2939
0,0,0,0,0,"$33,265",2021,Apr,2939
1,0,0,0,1,"$35,324",2021,Apr,2939
0,0,0,0,0,,2021,,2939
0,0,0,0,0,,2020,,2939
0,1,0,0,0,,2020,,2939
0,0,0,0,0,$3,2020,Oct,2939
0,0,0,0,0,$520,2020,Oct,2939
1,0,0,0,1,$0.00,2020,Oct,2939
0,0,0,1,0,$544,2020,Sep,2939
0,0,0,0,0,"$1,219",2020,Sep,2939
0,0,0,0,0,"$1,062",2020,Sep,2939
0,0,0,0,0,$541,2020,Sep,2939
1,0,0,0,1,"$1,061",2020,Sep,2939
0,0,0,0,0,"$1,008",2020,Sep,2939
0,0,0,0,0,$908,2020,Sep,2939
0,0,0,0,0,$678,2020,Sep,2939
0,0,0,0,0,$487,2020,Sep,2939
1,0,0,0,1,$307,2020,May,2939
0,0,0,1,1,,2020,,2939
1,0,0,0,1,$88,2019,Apr,2939
1,0,0,0,1,$41,2019,Jan,2939
0,0,1,0,0,,2017,,2939
0,0,0,0,0,$<0.01,2020,Dec,2943
0,1,0,0,0,,2020,,2943
0,0,0,0,0,$242,2020,May,2943
1,0,0,0,1,$241,2020,Feb,2943
0,0,0,1,0,$91,2020,Feb,2943
0,0,0,0,0,$91,2020,Feb,2943
1,0,0,0,1,$212,2020,Jan,2943
0,0,1,0,0,,2017,,2943
1,0,0,0,1,"$83,722",2021,Jun,2978
0,0,0,1,0,"$70,058",2021,Jun,2978
1,0,0,0,1,"$83,939",2021,Jun,2978
0,0,0,0,0,"$70,127",2021,Jun,2978
1,0,0,0,1,"$85,533",2021,Jun,2978
0,0,0,1,0,"$68,002",2021,Jun,2978
0,0,0,0,0,"$66,791",2021,Jun,2978
1,0,0,0,1,"$83,607",2021,Jun,2978
0,0,0,1,1,,2021,,2978
1,0,0,0,1,"$60,506",2021,Jun,2978
1,0,0,0,1,"$64,783",2021,Jun,2978
1,0,0,0,1,"$65,141",2021,Jun,2978
1,0,0,0,1,"$68,047",2021,Jun,2978
1,0,0,0,1,"$65,164",2021,Jun,2978
1,0,0,0,1,"$67,530",2021,Jun,2978
0,0,0,1,0,"$47,556",2021,Jun,2978
0,0,0,0,0,"$47,382",2021,Jun,2978
1,0,0,0,1,"$67,378",2021,Jun,2978
1,0,0,0,1,"$75,582",2021,Jun,2978
1,0,0,0,1,"$89,405",2021,Jun,2978
1,0,0,0,1,"$107,916",2021,Jun,2978
1,0,0,0,1,"$102,949",2021,Jun,2978
1,0,0,0,1,"$172,286",2021,May,2978
1,0,0,0,1,"$173,389",2021,May,2978
1,0,0,0,1,"$163,416",2021,May,2978
1,0,0,0,1,"$163,880",2021,May,2978
1,0,0,0,1,"$165,053",2021,May,2978
1,0,0,0,1,"$154,465",2021,May,2978
1,0,0,0,1,"$156,005",2021,May,2978
1,0,0,0,1,"$156,073",2021,May,2978
1,0,0,0,1,"$158,809",2021,May,2978
1,0,0,0,1,"$155,732",2021,May,2978
1,0,0,0,1,"$161,422",2021,May,2978
1,0,0,0,1,"$156,640",2021,May,2978
1,0,0,0,1,"$156,543",2021,May,2978
1,0,0,0,1,"$159,155",2021,May,2978
1,0,0,0,1,"$161,910",2021,May,2978
1,0,0,0,1,"$162,966",2021,May,2978
1,0,0,0,1,"$169,563",2021,May,2978
1,0,0,0,1,"$162,247",2021,May,2978
1,0,0,0,1,"$155,048",2021,May,2978
1,0,0,0,1,"$149,918",2021,Apr,2978
1,0,0,0,1,"$143,463",2021,Apr,2978
1,0,0,0,1,"$143,696",2021,Apr,2978
1,0,0,0,1,"$153,644",2021,Apr,2978
1,0,0,0,1,"$159,504",2021,Apr,2978
1,0,0,0,1,"$163,779",2021,Apr,2978
1,0,0,0,1,"$174,607",2021,Apr,2978
1,0,0,0,1,"$168,435",2021,Apr,2978
0,0,0,0,0,"$84,619",2021,Apr,2978
1,0,0,0,1,"$82,690",2021,Apr,2978
0,0,0,0,0,$13,2017,Jun,2978
0,0,1,0,0,,2017,,2978
0,0,0,0,0,"$97,837",2021,Apr,2981
0,0,0,1,0,"$87,428",2021,Apr,2981
0,0,0,0,0,"$86,009",2021,Apr,2981
1,0,0,0,1,"$94,791",2021,Apr,2981
0,0,0,1,1,,2021,,2981
1,0,0,0,1,"$171,716",2021,Feb,2981
0,0,0,0,0,"$41,891",2021,Feb,2981
1,0,0,0,1,"$41,891",2021,Feb,2981
0,0,0,0,0,"$1,071",2020,May,2981
1,0,0,0,1,$972,2017,Jul,2981
0,0,0,0,0,$13,2017,Jun,2981
0,0,1,0,0,,2017,,2981
0,0,0,0,0,"$73,280",2021,May,2996
1,0,0,0,1,"$65,109",2021,May,2996
0,0,0,0,0,$<0.01,2020,Dec,2996
0,0,0,0,0,$30,2018,Oct,2996
0,0,0,1,0,$101,2018,Jan,2996
0,0,0,0,0,$75,2017,Dec,2996
1,0,0,0,1,$130,2017,Dec,2996
0,0,1,0,0,,2017,,2996
0,0,0,0,0,,2021,,2998
0,1,0,0,0,,2021,,2998
0,0,0,1,0,"$51,958",2021,Apr,2998
0,0,0,0,0,"$51,958",2021,Apr,2998
0,0,0,0,0,"$5,703",2021,Feb,2998
0,0,0,0,0,$983,2020,Sep,2998
0,0,0,0,0,,2020,,2998
0,1,0,0,0,,2020,,2998
0,0,0,1,1,,2020,,2998
1,0,0,0,1,"$1,315",2020,Sep,2998
0,0,0,0,0,$848,2020,Sep,2998
0,0,0,0,0,$678,2020,Sep,2998
0,0,0,0,0,$545,2020,Sep,2998
0,0,0,0,0,$455,2020,Sep,2998
0,0,0,0,0,$397,2020,Sep,2998
1,0,0,0,1,$375,2020,Sep,2998
0,0,0,0,0,$293,2020,Sep,2998
1,0,0,0,1,$295,2020,Sep,2998
1,0,0,0,1,$567,2020,Aug,2998
1,0,0,0,1,$427,2020,Aug,2998
1,0,0,0,1,$536,2020,Aug,2998
1,0,0,0,1,$391,2020,Aug,2998
1,0,0,0,1,$388,2020,Aug,2998
1,0,0,0,1,$0.00,2020,Aug,2998
1,0,0,0,1,$405,2020,Jul,2998
0,0,0,0,0,$317,2020,Jul,2998
1,0,0,0,1,$317,2020,Jul,2998
0,0,0,0,0,$232,2020,Jun,2998
1,0,0,0,1,$232,2020,Jun,2998
1,0,0,0,1,$369,2020,Jun,2998
1,0,0,0,1,$346,2020,May,2998
1,0,0,0,1,$466,2020,May,2998
0,0,0,0,0,$285,2020,May,2998
1,0,0,0,1,$286,2020,May,2998
1,0,0,0,1,$132,2019,Apr,2998
1,0,0,0,1,$135,2017,Aug,2998
0,0,1,0,0,,2017,,2998
0,0,0,0,0,$<0.01,2020,Dec,3002
0,0,0,0,0,$41,2018,Nov,3002
1,0,0,0,1,$44,2018,Oct,3002
1,0,0,0,1,$486,2018,Mar,3002
0,0,0,0,0,$55,2017,Aug,3002
1,0,0,0,1,$55,2017,Aug,3002
0,0,0,1,1,,2017,,3002
1,0,0,0,1,$89,2017,Aug,3002
1,0,0,0,1,$104,2017,Aug,3002
1,0,0,0,1,$77,2017,Aug,3002
1,0,0,0,1,$79,2017,Aug,3002
0,0,0,1,0,$31,2017,Jul,3002
0,0,0,0,0,$58,2017,Jul,3002
1,0,0,0,1,$58,2017,Jul,3002
0,0,0,0,0,$36,2017,Jul,3002
0,0,1,0,0,,2017,,3002
0,0,0,0,0,"$52,064",2021,Jun,3021
0,0,0,1,0,"$37,185",2021,Jun,3021
0,0,0,0,0,"$37,969",2021,Jun,3021
0,0,0,0,0,"$36,429",2021,Jun,3021
1,0,0,0,1,"$42,484",2021,Jun,3021
0,0,0,1,1,,2021,,3021
1,0,0,0,1,"$63,682",2021,Jun,3021
1,0,0,0,1,"$64,125",2021,Jun,3021
1,0,0,0,1,"$64,397",2021,Jun,3021
1,0,0,0,1,"$71,196",2021,Jun,3021
1,0,0,0,1,"$74,513",2021,May,3021
0,0,0,0,0,"$70,520",2021,May,3021
0,0,0,1,0,"$53,979",2021,May,3021
0,0,0,0,0,"$57,438",2021,May,3021
1,0,0,0,1,"$74,515",2021,May,3021
0,0,0,1,0,"$57,934",2021,May,3021
0,0,0,0,0,"$61,244",2021,May,3021
1,0,0,0,1,"$88,463",2021,May,3021
0,1,0,0,0,,2021,,3021
0,0,0,0,0,"$47,634",2021,May,3021
1,0,0,0,1,"$47,634",2021,May,3021
0,0,0,0,0,$34,2021,May,3021
0,0,0,0,0,$<0.01,2020,Dec,3021
0,0,1,0,0,,2017,,3021
0,0,0,1,0,$768,2021,Apr,3029
0,0,0,0,0,$718,2021,Mar,3029
0,0,0,0,0,$196,2018,Jan,3029
1,0,0,0,1,$217,2018,Jan,3029
1,0,0,0,1,$182,2017,Aug,3029
0,1,0,0,0,,2017,,3029
0,0,0,0,0,$16,2017,Jun,3029
0,0,1,0,0,,2017,,3029
0,0,0,0,0,"$59,826",2021,Apr,3048
0,0,0,1,0,"$42,958",2021,Apr,3048
0,0,0,0,0,"$43,114",2021,Apr,3048
0,0,0,1,0,"$36,647",2021,Apr,3048
0,0,0,0,0,"$36,427",2021,Apr,3048
1,0,0,0,1,"$52,323",2021,Apr,3048
0,0,0,0,0,"$47,250",2021,Mar,3048
1,0,0,0,1,"$40,557",2021,Feb,3048
0,0,0,0,0,$72,2020,Jan,3048
0,0,0,0,0,$53,2019,May,3048
1,0,0,0,1,$233,2017,Dec,3048
0,0,0,0,0,$42,2017,Dec,3048
1,0,0,0,1,$26,2017,Nov,3048
0,0,1,0,0,,2017,,3048
1,0,0,0,1,"$579,490",2021,May,3062
0,0,0,0,0,$172,2021,Mar,3062
0,0,0,0,0,$16,2020,Jun,3062
0,0,0,1,0,$24,2018,Aug,3062
0,0,0,0,0,$33,2018,Mar,3062
0,1,0,0,0,,2018,,3062
0,0,0,0,0,$46,2018,Feb,3062
1,0,0,0,1,$46,2018,Feb,3062
1,0,0,0,1,$222,2017,Dec,3062
1,0,0,0,1,$694,2017,Dec,3062
0,0,0,0,0,$70,2017,Dec,3062
1,0,0,0,1,$79,2017,Dec,3062
0,0,1,0,0,,2017,,3062
0,1,0,0,0,,2021,,3092
0,0,0,0,0,"$39,161",2021,Feb,3092
1,0,0,0,1,"$36,373",2021,Feb,3092
1,0,0,0,1,"$26,983",2021,Feb,3092
1,0,0,0,1,"$11,644",2020,Sep,3092
1,0,0,0,1,"$3,409",2020,Sep,3092
0,0,0,0,0,$761,2020,Sep,3092
1,0,0,0,1,"$1,288",2020,Sep,3092
1,0,0,0,1,$970,2020,Aug,3092
1,0,0,0,1,$837,2020,Jul,3092
0,0,0,0,0,$336,2020,Jun,3092
1,0,0,0,1,$906,2020,May,3092
0,0,0,1,0,$207,2020,May,3092
1,0,0,0,1,$607,2020,May,3092
0,0,0,0,0,$295,2020,May,3092
0,0,0,0,0,$210,2020,May,3092
0,0,0,1,0,$98,2020,Apr,3092
1,0,0,0,1,$246,2020,Apr,3092
0,0,0,0,0,$94,2020,Apr,3092
0,1,0,0,0,,2020,,3092
0,0,0,1,0,$13,2017,Jul,3092
0,0,0,0,0,$13,2017,Jun,3092
1,0,0,0,1,$518,2017,Jun,3092
0,0,1,0,0,,2017,,3092
0,0,0,1,0,"$78,307",2021,May,3105
0,0,0,0,0,"$81,137",2021,May,3105
0,0,0,0,0,$82,2017,Jul,3105
0,0,0,0,0,$66,2017,Jul,3105
0,0,0,0,0,$54,2017,Jul,3105
0,0,0,0,0,$29,2017,Jun,3105
0,0,1,0,0,,2017,,3105
0,1,0,0,0,,2021,,3156
0,0,0,0,0,$<0.01,2020,Dec,3156
0,1,0,0,0,,2020,,3156
0,0,0,0,0,$105,2020,Jan,3156
1,0,0,0,1,$106,2020,Jan,3156
1,0,0,0,1,$216,2019,Aug,3156
0,0,0,0,0,$109,2019,Jun,3156
0,0,0,1,0,$16,2017,Jun,3156
0,0,0,0,0,$13,2017,Jun,3156
0,0,1,0,0,,2017,,3156
0,0,0,0,0,$<0.01,2020,Dec,3193
0,1,0,0,0,,2020,,3193
0,0,0,0,0,$83,2020,Apr,3193
1,0,0,0,1,$73,2020,Mar,3193
0,0,0,1,0,$59,2020,Mar,3193
1,0,0,0,1,$71,2020,Mar,3193
0,0,0,0,0,$59,2020,Mar,3193
1,0,0,0,1,$64,2020,Mar,3193
1,0,0,0,1,$183,2020,Feb,3193
1,0,0,0,1,$200,2020,Feb,3193
1,0,0,0,1,$118,2020,Jan,3193
1,0,0,0,1,$126,2020,Jan,3193
1,0,0,0,1,$113,2020,Jan,3193
1,0,0,0,1,$96,2020,Jan,3193
0,0,0,0,0,$44,2019,Mar,3193
1,0,0,0,1,$45,2019,Feb,3193
1,0,0,0,1,$80,2019,Feb,3193
0,0,0,0,0,$28,2018,Oct,3193
0,0,0,1,0,$0,2018,Oct,3193
0,0,0,0,0,$0,2018,Oct,3193
1,0,0,0,1,$75,2018,Apr,3193
0,0,0,1,1,,2017,,3193
1,0,0,0,1,$154,2017,Aug,3193
0,0,0,1,0,$3,2017,Aug,3193
1,0,0,0,1,$88,2017,Aug,3193
0,0,0,0,0,$3,2017,Aug,3193
0,0,0,0,0,$62,2017,Aug,3193
1,0,0,0,1,$62,2017,Aug,3193
1,0,0,0,1,$179,2017,Jul,3193
0,0,0,0,0,$83,2017,Jul,3193
1,0,0,0,1,$71,2017,Jul,3193
0,0,1,0,0,,2017,,3193
0,0,0,1,0,"$13,127",2021,May,3196
0,0,0,0,0,"$17,420",2021,May,3196
0,0,0,0,0,$<0.01,2020,Dec,3196
0,0,0,1,0,$904,2020,Nov,3196
0,0,0,0,0,$872,2020,Nov,3196
0,0,0,0,0,$166,2018,Feb,3196
1,0,0,0,1,$162,2017,Dec,3196
0,0,1,0,0,,2017,,3196
0,0,0,0,0,,2021,,3254
0,1,0,0,0,,2021,,3254
1,0,0,0,1,"$35,842",2021,Jun,3254
1,0,0,0,1,"$60,849",2021,Jun,3254
1,0,0,0,1,"$45,773",2021,Jun,3254
1,0,0,0,1,"$60,149",2021,Jun,3254
0,0,0,1,0,"$34,438",2021,Jun,3254
0,0,0,0,0,"$35,418",2021,Jun,3254
1,0,0,0,1,"$48,168",2021,Jun,3254
0,0,0,1,0,"$36,486",2021,Jun,3254
0,0,0,0,0,"$35,092",2021,Jun,3254
1,0,0,0,1,"$50,067",2021,Jun,3254
1,0,0,0,1,"$50,156",2021,Jun,3254
1,0,0,0,1,"$58,019",2021,May,3254
0,0,0,1,0,"$46,426",2021,May,3254
0,0,0,1,1,,2021,,3254
0,0,0,0,0,"$36,581",2021,May,3254
1,0,0,0,1,"$43,882",2021,May,3254
1,0,0,0,1,"$153,283",2021,Feb,3254
1,0,0,0,1,"$25,924",2021,Jan,3254
1,0,0,0,1,"$5,034",2020,Nov,3254
1,0,0,0,1,"$2,997",2020,Nov,3254
0,0,0,0,0,"$1,756",2020,Sep,3254
1,0,0,0,1,"$1,750",2020,Sep,3254
0,0,0,0,0,,2020,,3254
0,1,0,0,0,,2020,,3254
0,0,0,1,1,,2020,,3254
1,0,0,0,1,"$3,558",2020,Jul,3254
0,0,0,0,0,$468,2020,Jun,3254
0,0,0,0,0,$13,2017,Jun,3254
1,0,0,0,1,$609,2017,Jun,3254
0,0,1,0,0,,2017,,3254
1,0,0,0,1,"$67,469",2021,May,3269
1,0,0,0,1,"$90,080",2021,May,3269
1,0,0,0,1,"$99,322",2021,May,3269
0,1,0,0,0,,2020,,3269
0,0,0,0,0,$1,2019,Jul,3269
1,0,0,0,1,$1.47Y,2019,Feb,3269
1,0,0,0,1,"$11,946",2019,Feb,3269
0,0,0,0,0,$49,2019,Feb,3269
0,0,0,1,0,$45,2019,Feb,3269
0,0,0,0,0,$45,2019,Feb,3269
0,0,0,1,0,$42,2019,Feb,3269
0,0,0,0,0,$42,2019,Feb,3269
0,0,0,1,0,$44,2019,Feb,3269
0,0,0,0,0,$44,2019,Feb,3269
1,0,0,0,1,$44,2019,Jan,3269
1,0,0,0,1,$47,2018,Dec,3269
0,0,0,0,0,$32,2018,Nov,3269
1,0,0,0,1,$33,2018,Oct,3269
1,0,0,0,1,$137,2017,Jul,3269
0,0,1,0,0,,2017,,3269
0,0,0,1,0,"$35,200",2021,Apr,3302
0,0,0,0,0,"$41,826",2021,Apr,3302
1,0,0,0,1,"$40,537",2021,Apr,3302
0,0,0,0,0,"$33,183",2021,Apr,3302
1,0,0,0,1,"$39,562",2021,Apr,3302
1,0,0,0,1,"$40,289",2021,Apr,3302
1,0,0,0,1,"$45,728",2021,Mar,3302
1,0,0,0,1,"$47,095",2021,Mar,3302
0,0,0,0,0,"$35,009",2021,Mar,3302
1,0,0,0,1,"$36,853",2021,Mar,3302
0,0,0,0,0,"$33,184",2021,Mar,3302
0,0,0,1,1,,2021,,3302
1,0,0,0,1,"$74,200",2021,Feb,3302
1,0,0,0,1,"$25,213",2021,Feb,3302
1,0,0,0,1,"$18,177",2020,Dec,3302
1,0,0,0,1,"$4,386",2020,Oct,3302
0,1,0,0,0,,2018,,3302
0,0,0,0,0,$13,2017,Jun,3302
0,0,1,0,0,,2017,,3302
1,0,0,0,1,"$667,828",2021,Apr,3313
1,0,0,0,1,"$400,401",2021,Apr,3313
0,0,0,0,0,"$142,295",2021,Apr,3313
0,0,0,1,0,"$121,967",2021,Apr,3313
1,0,0,0,1,"$139,588",2021,Apr,3313
1,0,0,0,1,"$161,559",2021,Apr,3313
0,0,0,0,0,"$120,374",2021,Apr,3313
0,0,0,1,0,"$98,199",2021,Apr,3313
1,0,0,0,1,"$200,327",2021,Apr,3313
0,0,0,0,0,"$105,853",2021,Apr,3313
0,0,0,1,0,"$38,418",2021,Apr,3313
0,0,0,0,0,"$33,938",2021,Mar,3313
0,0,0,0,0,$143,2021,Feb,3313
0,0,0,0,0,$13,2017,Jun,3313
0,0,1,0,0,,2017,,3313
0,0,0,0,0,,2021,,3346
0,1,0,0,0,,2021,,3346
1,0,0,0,1,"$31,989",2021,Mar,3346
1,0,0,0,1,"$31,823",2021,Mar,3346
0,0,0,1,0,"$26,741",2021,Mar,3346
0,0,0,0,0,"$26,656",2021,Mar,3346
1,0,0,0,1,"$32,153",2021,Mar,3346
1,0,0,0,1,"$33,147",2021,Mar,3346
1,0,0,0,1,"$33,553",2021,Mar,3346
0,0,0,0,0,,2020,,3346
0,1,0,0,0,,2020,,3346
0,0,0,0,0,$3,2020,Oct,3346
0,0,0,0,0,$0.00,2020,Oct,3346
1,0,0,0,1,$0.00,2020,Oct,3346
0,0,0,0,0,"$1,222",2020,Sep,3346
0,0,0,0,0,"$1,101",2020,Sep,3346
0,0,0,0,0,$795,2020,Sep,3346
0,0,0,1,1,,2020,,3346
1,0,0,0,1,$88,2019,Apr,3346
1,0,0,0,1,$50,2019,Mar,3346
1,0,0,0,1,$39,2019,Jan,3346
0,0,1,0,0,,2017,,3346
0,0,0,0,0,"$32,035",2021,Mar,3364
0,0,0,0,0,"$29,257",2021,Mar,3364
1,0,0,0,1,"$32,011",2021,Mar,3364
0,0,0,0,0,"$10,906",2021,Feb,3364
0,0,0,1,0,"$9,170",2021,Feb,3364
0,0,0,0,0,"$8,414",2021,Feb,3364
0,0,0,1,0,"$5,683",2021,Feb,3364
0,0,0,0,0,"$5,893",2021,Jan,3364
0,0,0,1,0,"$1,460",2021,Jan,3364
0,0,0,0,0,$412,2020,Oct,3364
0,0,0,1,0,"$2,018",2020,Oct,3364
0,0,0,0,0,"$2,010",2020,Oct,3364
1,0,0,0,1,"$2,458",2020,Oct,3364
0,0,0,1,0,$141,2020,May,3364
0,0,0,0,0,$132,2020,May,3364
0,0,0,0,0,$235,2020,Feb,3364
1,0,0,0,1,$229,2020,Feb,3364
0,0,1,0,0,,2017,,3364
1,0,0,0,1,"$86,523",2021,Jun,3365
0,0,0,1,1,,2021,,3365
1,0,0,0,1,"$134,653",2021,May,3365
1,0,0,0,1,"$131,162",2021,May,3365
1,0,0,0,1,"$136,419",2021,May,3365
1,0,0,0,1,"$124,300",2021,May,3365
0,0,0,0,0,"$93,620",2021,May,3365
1,0,0,0,1,"$93,346",2021,May,3365
0,0,0,0,0,"$87,220",2021,May,3365
1,0,0,0,1,"$87,220",2021,May,3365
1,0,0,0,1,"$98,098",2021,May,3365
1,0,0,0,1,"$113,410",2021,Apr,3365
1,0,0,0,1,"$93,058",2021,Apr,3365
1,0,0,0,1,"$86,679",2021,Apr,3365
1,0,0,0,1,"$81,756",2021,Apr,3365
1,0,0,0,1,"$97,166",2021,Apr,3365
1,0,0,0,1,"$114,308",2021,Apr,3365
0,0,0,1,0,"$79,289",2021,Apr,3365
0,0,0,0,0,"$81,809",2021,Apr,3365
0,0,0,1,0,"$67,372",2021,Apr,3365
0,0,0,0,0,"$74,591",2021,Apr,3365
1,0,0,0,1,"$74,591",2021,Apr,3365
0,0,0,0,0,"$68,095",2021,Apr,3365
0,0,0,0,0,,2021,,3365
0,1,0,0,0,,2021,,3365
0,0,0,0,0,$<0.01,2020,Dec,3365
0,0,0,1,0,$386,2020,Oct,3365
0,0,0,0,0,$368,2020,Oct,3365
0,0,0,0,0,$86,2018,Nov,3365
1,0,0,0,1,$129,2017,Aug,3365
0,0,1,0,0,,2017,,3365
0,0,0,0,0,,2021,,3385
0,0,0,0,0,"$51,611",2021,Apr,3385
0,1,0,0,0,,2021,,3385
0,0,0,1,0,"$25,077",2021,Apr,3385
0,0,0,0,0,"$22,113",2021,Mar,3385
1,0,0,0,1,"$41,321",2021,Mar,3385
1,0,0,0,1,"$39,926",2021,Mar,3385
1,0,0,0,1,"$49,427",2021,Mar,3385
1,0,0,0,1,"$72,237",2021,Mar,3385
0,0,0,1,1,,2021,,3385
1,0,0,0,1,"$32,337",2021,Feb,3385
0,0,0,0,0,$<0.01,2020,Dec,3385
0,0,0,0,0,$106,2017,Dec,3385
1,0,0,0,1,$102,2017,Dec,3385
0,0,1,0,0,,2017,,3385
0,0,0,1,0,"$22,988",2021,Jun,3417
0,0,0,0,0,"$20,332",2021,Jun,3417
0,0,0,0,0,$<0.01,2020,Dec,3417
0,1,0,0,0,,2019,,3417
0,0,0,0,0,$114,2019,Nov,3417
1,0,0,0,1,$115,2019,Oct,3417
1,0,0,0,1,$216,2019,Aug,3417
0,0,0,0,0,$118,2019,Jun,3417
0,0,0,0,0,$109,2019,Jun,3417
0,0,0,1,0,$49,2019,Apr,3417
0,0,0,0,0,$49,2019,Apr,3417
0,0,0,0,0,$14,2017,Jul,3417
0,0,1,0,0,,2017,,3417
0,1,0,0,0,,2021,,3444
0,0,0,0,0,"$182,453",2021,May,3444
0,0,0,1,0,"$83,648",2021,May,3444
0,0,0,0,0,"$45,688",2021,Mar,3444
0,0,0,0,0,"$41,473",2021,Mar,3444
0,0,0,0,0,$<0.01,2020,Dec,3444
0,0,0,1,0,"$1,979",2020,Nov,3444
0,0,0,0,0,"$1,957",2020,Nov,3444
0,0,0,1,0,$30,2018,Jan,3444
1,0,0,0,1,"$30,409",2017,Dec,3444
0,0,0,0,0,$68,2017,Dec,3444
1,0,0,0,1,$68,2017,Dec,3444
0,0,0,0,0,$27,2017,Dec,3444
1,0,0,0,1,$82,2017,Dec,3444
1,0,0,0,1,$763,2017,Dec,3444
1,0,0,0,1,$71,2017,Sep,3444
0,0,1,0,0,,2017,,3444
0,0,0,1,0,"$246,667",2021,May,3468
0,0,0,0,0,"$255,981",2021,May,3468
1,0,0,0,1,"$528,183",2021,May,3468
1,0,0,0,1,"$429,314",2021,Apr,3468
0,0,0,1,0,"$134,800",2021,Apr,3468
0,0,0,0,0,"$134,800",2021,Apr,3468
0,0,0,1,0,"$84,863",2021,Mar,3468
0,0,0,0,0,"$100,592",2021,Mar,3468
0,0,0,0,0,"$78,164",2021,Mar,3468
0,0,0,0,0,"$64,988",2021,Mar,3468
0,0,0,1,0,"$47,722",2021,Mar,3468
0,0,0,0,0,"$50,063",2021,Mar,3468
1,0,0,0,1,"$96,668",2021,Mar,3468
0,0,0,1,0,"$27,299",2021,Feb,3468
0,0,0,0,0,"$26,527",2021,Feb,3468
0,0,0,1,0,$136,2020,Jan,3468
0,0,0,0,0,$132,2020,Jan,3468
0,0,0,1,0,$51,2019,Feb,3468
0,0,0,0,0,$55,2019,Jan,3468
0,0,0,0,0,$13,2017,Jun,3468
0,0,1,0,0,,2017,,3468
0,1,0,0,0,,2021,,3475
0,0,0,1,0,"$17,771",2021,May,3475
0,0,0,0,0,"$15,847",2021,May,3475
0,0,0,0,0,$16,2017,Jun,3475
0,0,1,0,0,,2017,,3475
0,0,0,1,0,"$32,046",2021,May,3511
0,0,0,0,0,"$32,014",2021,May,3511
0,0,0,0,0,$921,2020,Dec,3511
0,0,0,1,0,$89,2020,Feb,3511
0,0,0,0,0,$89,2020,Feb,3511
0,1,0,0,0,,2018,,3511
0,0,0,0,0,$285,2018,Feb,3511
1,0,0,0,1,$263,2018,Feb,3511
0,0,0,0,0,$46,2018,Feb,3511
1,0,0,0,1,$46,2018,Feb,3511
0,0,0,0,0,$79,2017,Dec,3511
0,0,0,0,0,$70,2017,Dec,3511
0,0,0,0,0,$13,2017,Jun,3511
0,0,1,0,0,,2017,,3511
0,0,0,1,0,$134,2021,Apr,3537
0,0,0,0,0,$79,2021,Jan,3537
0,0,1,0,0,,2017,,3537
0,0,0,0,0,$<0.01,2020,Dec,3550
0,0,0,1,0,$386,2020,Oct,3550
0,0,0,0,0,$368,2020,Oct,3550
0,0,0,1,0,$352,2020,Oct,3550
0,0,0,0,0,$345,2020,Oct,3550
0,0,0,0,0,$89,2018,Mar,3550
1,0,0,0,1,$111,2017,Dec,3550
0,0,1,0,0,,2017,,3550
0,1,0,0,0,,2021,,3555
0,0,0,0,0,$16,2017,Jun,3555
0,0,0,1,0,$16,2017,Jun,3555
0,0,0,0,0,$14,2017,Jun,3555
0,0,1,0,0,,2017,,3555
0,0,0,0,0,$80,2017,Jul,3556
0,0,0,1,0,$54,2017,Jul,3556
0,0,0,0,0,$55,2017,Jul,3556
0,0,1,0,0,,2017,,3556
1,0,0,0,1,"$77,667",2021,Jun,3653
0,1,0,0,0,,2021,,3653
1,0,0,0,1,"$80,915",2021,Jun,3653
1,0,0,0,1,"$140,841",2021,May,3653
0,0,0,1,1,,2021,,3653
1,0,0,0,1,"$88,936",2021,Apr,3653
1,0,0,0,1,"$97,423",2021,Apr,3653
1,0,0,0,1,"$103,213",2021,Apr,3653
1,0,0,0,1,"$99,715",2021,Apr,3653
1,0,0,0,1,"$102,699",2021,Apr,3653
1,0,0,0,1,"$79,564",2021,Apr,3653
1,0,0,0,1,"$77,052",2021,Apr,3653
1,0,0,0,1,"$79,972",2021,Apr,3653
0,0,0,1,0,"$45,833",2021,Apr,3653
1,0,0,0,1,"$74,029",2021,Apr,3653
1,0,0,0,1,"$76,355",2021,Apr,3653
1,0,0,0,1,"$66,520",2021,Apr,3653
1,0,0,0,1,"$72,168",2021,Apr,3653
1,0,0,0,1,"$74,916",2021,Apr,3653
0,0,0,0,0,"$44,386",2021,Apr,3653
0,0,0,1,0,"$48,246",2021,Apr,3653
1,0,0,0,1,"$66,221",2021,Mar,3653
1,0,0,0,1,"$66,848",2021,Mar,3653
1,0,0,0,1,"$64,003",2021,Mar,3653
1,0,0,0,1,"$57,085",2021,Mar,3653
1,0,0,0,1,"$58,085",2021,Mar,3653
0,0,0,0,0,"$41,636",2021,Mar,3653
1,0,0,0,1,"$59,070",2021,Mar,3653
1,0,0,0,1,"$60,251",2021,Mar,3653
1,0,0,0,1,"$61,524",2021,Mar,3653
1,0,0,0,1,"$60,744",2021,Mar,3653
1,0,0,0,1,"$62,119",2021,Mar,3653
1,0,0,0,1,"$62,024",2021,Mar,3653
1,0,0,0,1,"$66,137",2021,Mar,3653
0,0,0,1,0,"$44,006",2021,Mar,3653
0,0,0,0,0,"$44,118",2021,Mar,3653
1,0,0,0,1,"$62,360",2021,Mar,3653
1,0,0,0,1,"$63,487",2021,Mar,3653
1,0,0,0,1,"$67,682",2021,Mar,3653
1,0,0,0,1,"$96,214",2021,Mar,3653
1,0,0,0,1,"$70,080",2021,Mar,3653
1,0,0,0,1,"$71,421",2021,Mar,3653
1,0,0,0,1,"$69,741",2021,Mar,3653
1,0,0,0,1,"$73,151",2021,Mar,3653
1,0,0,0,1,"$74,262",2021,Mar,3653
1,0,0,0,1,"$82,212",2021,Mar,3653
1,0,0,0,1,"$76,475",2021,Mar,3653
1,0,0,0,1,"$77,885",2021,Mar,3653
1,0,0,0,1,"$79,402",2021,Mar,3653
1,0,0,0,1,"$83,699",2021,Mar,3653
1,0,0,0,1,"$88,824",2021,Mar,3653
1,0,0,0,1,"$93,635",2021,Mar,3653
1,0,0,0,1,"$99,995",2021,Mar,3653
1,0,0,0,1,"$90,555",2021,Mar,3653
1,0,0,0,1,"$97,174",2021,Mar,3653
1,0,0,0,1,"$106,261",2021,Mar,3653
0,0,0,0,0,"$66,432",2021,Mar,3653
0,0,0,1,0,"$61,045",2021,Mar,3653
0,0,0,0,0,"$61,045",2021,Mar,3653
0,0,0,0,0,"$55,659",2021,Mar,3653
0,0,0,0,0,"$53,555",2021,Mar,3653
1,0,0,0,1,"$66,052",2021,Mar,3653
1,0,0,0,1,"$71,495",2021,Mar,3653
1,0,0,0,1,"$75,575",2021,Mar,3653
1,0,0,0,1,"$54,526",2021,Feb,3653
0,0,0,0,0,"$48,702",2021,Feb,3653
1,0,0,0,1,"$47,285",2021,Feb,3653
1,0,0,0,1,"$36,372",2021,Feb,3653
1,0,0,0,1,"$22,711",2021,Feb,3653
0,0,0,0,0,$318,2020,May,3653
1,0,0,0,1,$386,2020,May,3653
1,0,0,0,1,$377,2020,Apr,3653
1,0,0,0,1,$455,2020,Apr,3653
0,0,0,0,0,$182,2020,Apr,3653
1,0,0,0,1,$496,2020,Apr,3653
0,0,0,0,0,$168,2020,Apr,3653
1,0,0,0,1,$331,2020,Apr,3653
0,0,0,0,0,$94,2020,Apr,3653
0,1,0,0,0,,2020,,3653
1,0,0,0,1,"$2,128",2017,Jul,3653
0,0,0,1,1,,2017,,3653
1,0,0,0,1,$139,2017,Jul,3653
0,0,0,0,0,$82,2017,Jul,3653
0,0,0,0,0,$13,2017,Jun,3653
1,0,0,0,1,$88,2017,Jun,3653
0,0,1,0,0,,2017,,3653
0,0,0,0,0,$29,2021,Feb,3669
0,1,0,0,0,,2021,,3669
0,1,0,0,0,,2020,,3669
0,0,0,0,0,$3,2020,Oct,3669
0,0,0,0,0,,2020,,3669
0,0,0,0,0,"$17,524",2020,Sep,3669
1,0,0,0,1,"$17,685",2020,Sep,3669
1,0,0,0,1,"$19,445",2020,Sep,3669
0,0,0,0,0,"$17,362",2020,Sep,3669
0,0,0,0,0,"$13,626",2020,Sep,3669
1,0,0,0,1,"$17,025",2020,Sep,3669
0,0,0,0,0,"$2,728",2020,May,3669
1,0,0,0,1,"$3,368",2020,May,3669
0,0,0,0,0,"$2,711",2020,May,3669
1,0,0,0,1,"$3,628",2020,May,3669
0,0,0,1,1,,2019,,3669
0,0,0,1,0,$174,2019,May,3669
0,0,0,0,0,$174,2019,May,3669
1,0,0,0,1,"$3,892",2018,Mar,3669
0,0,0,0,0,$58,2017,Oct,3669
1,0,0,0,1,$58,2017,Oct,3669
1,0,0,0,1,$64,2017,Oct,3669
1,0,0,0,1,$71,2017,Oct,3669
1,0,0,0,1,$77,2017,Oct,3669
1,0,0,0,1,$85,2017,Oct,3669
1,0,0,0,1,$91,2017,Sep,3669
0,1,0,0,0,,2017,,3669
1,0,0,0,1,$142,2017,Sep,3669
0,0,0,0,0,$14,2017,Jun,3669
0,0,1,0,0,,2017,,3669
1,0,0,0,1,"$214,478",2021,Apr,3682
1,0,0,0,1,"$159,979",2021,Apr,3682
1,0,0,0,1,"$134,336",2021,Apr,3682
1,0,0,0,1,"$109,582",2021,Apr,3682
0,0,0,0,0,"$94,664",2021,Apr,3682
1,0,0,0,1,"$94,664",2021,Apr,3682
0,0,0,1,0,"$63,109",2021,Apr,3682
1,0,0,0,1,"$157,527",2021,Apr,3682
0,0,0,0,0,"$61,312",2021,Apr,3682
0,0,0,0,0,"$51,093",2021,Apr,3682
0,0,0,0,0,"$47,092",2021,Apr,3682
0,0,0,0,0,$386,2021,Mar,3682
0,0,0,0,0,$0,2021,Mar,3682
0,0,0,0,0,$<0.01,2021,Mar,3682
0,0,0,0,0,$<0.01,2020,Dec,3682
0,0,0,1,0,$81,2020,Jan,3682
0,0,0,0,0,$78,2020,Jan,3682
0,0,0,0,0,$91,2017,Dec,3682
1,0,0,0,1,$61,2017,Oct,3682
1,0,0,0,1,$86,2017,Sep,3682
1,0,0,0,1,$122,2017,Aug,3682
1,0,0,0,1,$134,2017,Aug,3682
1,0,0,0,1,$151,2017,Aug,3682
1,0,0,0,1,$158,2017,Aug,3682
1,0,0,0,1,$216,2017,Aug,3682
0,0,0,1,1,,2017,,3682
0,0,0,1,0,$89,2017,Aug,3682
1,0,0,0,1,$177,2017,Aug,3682
0,0,0,0,0,$89,2017,Aug,3682
1,0,0,0,1,$336,2017,Jul,3682
1,0,0,0,1,$241,2017,Jul,3682
0,0,0,1,0,$15,2017,Jun,3682
0,0,0,0,0,$14,2017,Jun,3682
0,0,1,0,0,,2017,,3682
